"n","num_positive","MajorLC","AVG_IMP","AVG_CANPY","TPOP2020","HSgradPct","FamPovPct","Pct_HUocc","ClassBest_Pct","Class_21Pct","Class_22Pct","Class_23Pct","Class_24Pct","Black_Perc","White_Perc","HispOrTwo_Perc","perc_positive"
273,2,"22",33.86,2.64,6544,96.5,2.4,96.6187329965021,37.26,1.93,37.26,34.36,3.19,1.5281173594132,88.6919315403423,13.7836185819071,0.732600732600733
267,4,"23",56.64,2.97,8142,76.9,27.4,83.5699797160243,39.58,3.76,25.77,39.58,30.89,69.0985015966593,5.28125767624662,30.7541144681896,1.49812734082397
66,9,"22",43.79,5.53,5165,83.4,17,94.95841995842,49.08,6.2,49.08,27.78,14.13,3.27202323330107,59.3804453049371,57.405614714424,13.6363636363636
268,5,"22",13.73,41.1,3032,96.5,2.9,94.5515507124895,41.02,16.89,41.02,3.38,0.48,1.78100263852243,86.0817941952507,12.5,1.86567164179104
352,15,"23",33.42,7.61,10973,89.1,23.7,91.036036036036,28.46,3.43,21.98,28.46,21.98,96.6554269570765,0.565023238859018,3.39925271120022,4.26136363636364
194,6,"23",67.88,1.25,14729,86.5,13.8,91.4009661835749,55.45,0.19,4.05,55.45,40.31,90.3795233892321,2.89225337769027,8.57492022540566,3.09278350515464
112,5,"90",8.31,47.64,6748,94,4.8,95.8422500764292,25.56,22.54,21.27,0.98,0,2.45998814463545,87.5074096028453,13.3521043272081,4.46428571428571
320,23,"23",48.62,6.14,14852,92,6.6,95.2813920677222,59.32,4.83,27.63,59.32,8.21,15.8093186102882,62.9746835443038,31.0059251279289,7.1875
173,3,"23",48.39,5.78,16883,93.3,6.2,93.5237831091388,44.82,3.1,38.63,44.82,12.2,45.2822365693301,46.579399395842,11.1710004146183,1.73410404624277
101,2,"23",39.47,1.8,18745,94.4,3.9,95.7058581424064,38.22,13.8,37.55,38.22,10.42,8.04481194985329,76.2123232862097,24.1504401173646,1.98019801980198
286,33,"22",36.81,5.84,17149,95.4,4.7,95.0836072602544,42.76,14.77,42.76,37.26,5.12,18.2459618636655,71.0012245611989,16.0942328998775,11.5384615384615
284,9,"23",57.04,3.08,18069,85.3,17.6,84.3924925913731,75.51,0.1,8.49,75.51,15.91,91.7870385743539,2.97194089324257,6.9843378161492,3.16901408450704
718,23,"23",41.57,4.07,18755,90.3,6.2,95.4424273200457,63.26,2.31,31.15,63.26,1.45,7.5979738736337,72.7805918421754,26.7821914156225,3.2033426183844
533,11,"22",38.6,3.69,16625,87.1,8.6,95.8418891170431,56.15,9.14,56.15,24.68,8.06,22.2195488721805,33.5759398496241,54.6105263157895,2.06378986866792
13,3,"22",28.1,10.01,19311,96.2,3.3,95.9464829778779,39.38,33.43,39.38,26.71,0.49,9.51789135725752,80.6483351457718,15.2193050592926,23.0769230769231
446,26,"22",43.51,10.66,18513,91.2,11.7,91.7383177570093,47.21,2.89,47.21,40.82,9.08,76.9837411548641,16.4803111327176,8.08080808080808,5.82959641255605
241,19,"23",51.62,4.94,22730,85,23,89.2202069884209,80.98,0.19,12.36,80.98,5.31,95.2749670039595,0.686317641882974,4.85261768587769,7.88381742738589
154,7,"23",45.77,2.73,20047,88.9,9.5,94.8957943342069,72.96,0.99,20.48,72.96,4.87,6.66932708135881,72.7640045892153,28.9020801117374,4.54545454545455
342,11,"23",53.31,6.68,22363,91.7,12.4,91.8097472539192,57.71,1.16,24.86,57.71,16.28,80.9283190985109,13.7012028797567,6.85954478379466,3.21637426900585
272,7,"23",49.42,4.59,19795,88.7,16,88.0795384298372,81.6,1.83,12.43,81.6,4.14,95.2412225309422,0.777974235918161,4.72341500378884,2.57352941176471
84,2,"22",25.76,14.14,7363,94.5,15.4,90.8755451190875,45.46,21.33,45.46,17.95,2.7,19.4078500611164,58.4408529132147,15.0889583050387,2.38095238095238
207,33,"23",55.62,2.52,15973,83.4,12,94.5010183299389,68.5,0.1,13.78,68.5,16.86,14.4368622049709,67.5640142740875,25.5493645526827,15.9420289855072
23,2,"22",18.56,13.43,5274,97.7,0.9,96.7138523761375,27.34,9.96,27.34,15.72,0,3.88699279484262,78.6499810390595,12.514220705347,8.69565217391304
216,9,"23",68.01,2.6,35867,82.3,23.5,87.1341170825336,69.79,0,1.45,69.79,28.76,93.2723673571807,1.05668162935289,7.39677140547021,4.16666666666667
295,3,"23",65.66,1.87,35858,86.9,27.5,86.8120085775554,69.5,0,1,69.5,29.5,95.7220146131965,0.62747504043728,4.31145072229349,1.01694915254237
211,5,"23",42.14,3.61,4279,97.1,1.4,95.6969696969697,36.45,17.26,32.3,36.45,13.98,2.12666510867025,69.7359196073849,12.9002103295162,2.3696682464455
81,5,"24",86.89,0.13,9010,80.5,11.9,95.1476077366814,91.85,0,1.29,6.86,91.85,8.92341842397336,28.3795782463929,92.4306326304107,6.17283950617284
259,4,"0",11.6,1.41,23082,80.8,24.3,86.8813656577249,72.58,4.99,6.78,9.17,3.99,92.1107356381596,2.62542240707044,6.16930941859458,1.54440154440154
275,13,"23",66.58,3.44,34179,79.8,25.3,85.4117647058823,61.49,0,6.27,61.49,32.24,65.9791099798122,5.57067205008924,39.3662775388396,4.72727272727273
357,2,"23",36.62,2.37,43139,75.3,20.8,89.7597889475146,37.15,16.03,27.66,37.15,8.41,32.9887109112404,12.5594010060502,80.4909710470804,0.560224089635854
327,11,"22",31.46,17.96,10100,97.6,0.6,94.1595143395436,53.68,17.05,53.68,22.09,0,4.41584158415842,70.1881188118812,12.1881188118812,3.36391437308868
393,17,"23",46.52,1.58,14273,92.8,9.9,93.9198743126473,45.46,18.73,17.86,45.46,16.41,8.12022700203181,59.0695719190079,20.8855881734744,4.32569974554707
305,29,"23",63.68,1.61,25358,85.4,7.5,96.0915350344269,72.57,1.87,3.15,72.57,21.44,2.09007019481032,52.922154744065,70.8652101900781,9.50819672131147
373,9,"24",68.84,1.28,14206,81.7,12.8,93.9112903225806,45.16,0.4,9.77,44.67,45.16,2.73124032099113,33.584400957342,98.1205124595242,2.41286863270777
267,5,"22",47.48,9.44,12485,95.8,4.8,93.0565010211028,32.16,9.29,32.16,30.99,20.53,5.39046856227473,72.7593111734081,17.5810973167801,1.87265917602996
128,3,"23",48.33,3.41,10128,95.3,5.3,94.7767857142857,32.87,11.52,27.66,32.87,22.93,13.0331753554502,36.6804897314376,17.6244075829384,2.34375
80,5,"22",15.08,43.03,11216,96.8,1.8,95.7178841309824,39.11,23.89,39.11,4.05,0.1,1.30171184022825,87.1968616262482,11.3855206847361,6.25
395,8,"22",32.79,13.85,14011,96.1,4.8,93.2528041415013,69.95,9.37,69.95,19.32,1.35,2.74070373278139,75.968881593034,15.3236742559418,2.0253164556962
1083,24,"22",36.9,9.28,8469,97.4,2.8,95.3891432308698,73.38,2.85,73.38,20.92,1.67,0.861967174400756,88.7826189632778,11.4063053489196,2.21606648199446
1319,32,"23",59.35,3.11,14328,73.1,12.1,92.8244881733254,59.17,3.65,7.79,59.17,28.8,2.68006700167504,39.2657733109994,87.4860413176996,2.42608036391205
272,9,"22",15.08,43.03,11216,96.8,1.8,95.7178841309824,39.11,23.89,39.11,4.05,0.1,1.30171184022825,87.1968616262482,11.3855206847361,3.30882352941176
53,3,"23",54.33,5.34,13058,81.7,4.9,94.7314682458648,53.73,1.18,7.96,53.73,28.59,1.70010721396845,53.2240771940573,70.0490120998622,5.66037735849057
231,3,"23",73.01,2.11,41163,68.7,16.6,95.2770673486786,52.51,0,2.12,52.51,45.37,1.54021815708282,17.0565799382941,115.02805917936,1.2987012987013
299,11,"24",75.9,1.89,15127,77.9,25.1,81.0375146541618,64.59,0.29,12.65,22.28,64.59,60.2102201361803,14.940173200238,30.8455080319958,3.67892976588629
344,8,"22",28.6,24.28,6793,93,5.5,97.373429767796,51.72,32.29,51.72,12.56,3.24,3.1503017812454,68.9238922420138,34.2852936846754,2.32558139534884
34,3,"22",37.73,12.75,2768,94.3,3.1,94.7299934938191,42.36,16.96,42.36,30.85,6.94,2.9985549132948,62.1387283236994,7.65895953757225,8.82352941176471
104,9,"23",61.31,4.35,30214,76.5,7.7,94.6325509811466,82.16,0,2.22,82.16,15.62,3.76315615277686,31.6872972794069,96.8226649897399,8.65384615384615
71,2,"0",14.41,16.72,3732,85.1,6.1,96.0376091336467,26.91,15.46,24.85,6.36,1.76,2.81350482315113,62.2990353697749,44.6677384780279,2.8169014084507
97,3,"22",26.88,22.09,7131,95.5,1.5,96.773120425815,57.72,25.35,57.72,9.41,1.68,2.81867900715187,80.8722479315664,14.1635114289721,3.09278350515464
473,29,"23",70.71,2.21,62101,60.6,25.1,89.2787169089169,63.88,0,0.49,63.88,35.64,27.8642855992657,9.96763337144329,83.9825445644998,6.13107822410148
370,3,"23",48.85,5.7,11366,96.3,11.4,91.8583179452745,40.8,6.26,34.93,40.8,17.03,7.05613232447651,62.1062818933662,14.631356677811,0.810810810810811
39,5,"22",35.56,7.03,8345,97.3,2.7,95.3265765765766,66.8,4.73,66.8,23.45,0.1,1.71360095865788,86.8304373876573,14.6674655482325,12.8205128205128
529,16,"23",45.72,7.49,12384,94.7,3,96.6722830665543,43.55,10.32,36.31,43.55,9.13,3.40762273901809,72.6744186046512,19.3394702842377,3.02457466918715
903,25,"23",58.34,2.5,37943,89.5,6.7,93.6057412555764,66.83,0.2,10.63,66.83,20.68,16.4114592942045,48.50697098279,45.8977940595103,2.76854928017719
176,5,"22",33.13,8.63,12551,93.9,4.1,94.5385688658561,58.33,18.7,58.33,20.93,2.03,4.60521074018007,59.9872520117919,21.1138554696837,2.84090909090909
258,7,"22",27.2,15.42,12035,97,3.7,94.1377233487252,35.14,7.36,35.14,13.65,9,2.68383880348982,80.2658911508101,13.6684669713336,2.71317829457364
119,6,"23",46.88,2.38,6447,98.7,2.9,96.9829470922606,42.68,9.6,35.89,42.68,10.77,0.356755079882116,89.0181479758027,12.4398945245851,5.04201680672269
338,25,"23",47.34,3.16,32928,74.7,36.6,85.5989048596851,42.14,6.48,16.99,42.14,18.66,86.9442419825073,3.79008746355685,12.5303692905734,7.39644970414201
214,5,"0",15.15,26.82,6870,92.1,4,96.7503085150144,27.79,26.9,19.49,7.42,2.67,2.89665211062591,68.4279475982533,19.7525473071325,2.33644859813084
2017,38,"23",51.8,6.71,11021,83.2,4.7,96.1148230635981,45.63,3.27,34.33,45.63,16.77,33.1911804736412,32.4108520097995,43.5804373468832,1.88398611799703
180,7,"22",20.84,21.5,7294,91.1,5.7,97.3741794310722,21.62,13.32,21.62,15.15,5.31,3.57828352070195,65.9583219084179,22.7447216890595,3.88888888888889
33,4,"0",15.15,26.82,6870,92.1,4,96.7503085150144,27.79,26.9,19.49,7.42,2.67,2.89665211062591,68.4279475982533,19.7525473071325,12.1212121212121
240,16,"24",82.61,0.39,36159,88.7,15.4,91.5096960604545,76.95,0.77,1.25,20.54,76.95,26.8840399347327,49.6473906911142,30.2497303575873,6.66666666666667
126,2,"22",42.98,13.11,6416,92.9,4.6,97.1053647240448,47.49,8.57,47.49,33.5,8.08,0.826059850374065,82.3098503740648,22.2100997506234,1.58730158730159
33,13,"22",42.42,4.93,15023,97.1,1.9,94.000346800763,56.51,3.25,56.51,30.47,8.68,2.42960793450043,82.2738467682886,16.3482659921454,39.3939393939394
104,2,"24",77.78,1.26,43859,95.4,4.2,92.5568601691436,72.73,0.48,1.64,24.37,72.73,7.98695820698146,67.1925944503979,26.7242755192777,1.92307692307692
136,7,"22",35.17,15.82,7487,91.1,6.9,96.8959435626102,43.65,17.26,43.65,24.05,7.47,3.33912114331508,67.0228395886203,23.6944036329638,5.14705882352941
180,7,"23",43.64,7.66,16190,83.9,10.6,95.183519512549,43.74,9.49,37.08,43.74,6.85,10.284126003706,44.1012970969734,38.2396541074737,3.88888888888889
47,4,"23",45.46,5.9,9883,94.9,2,95.7916287534122,34.16,9.38,31.98,34.16,16.19,1.0624304361024,85.0551451988263,18.243448345644,8.51063829787234
83,3,"23",65.85,3.29,45595,77,19.1,91.4319738017267,74.23,0,3.09,74.23,22.68,52.242570457287,7.63460905801075,54.8854041013269,3.6144578313253
245,18,"23",75.97,2.05,51680,64.9,20.5,91.4352840666382,52.9,0,0.87,52.9,46.24,16.2093653250774,17.1362229102167,92.3568111455108,7.3469387755102
234,6,"21",26.81,15.37,16126,89,8.3,95.5754814052624,31.08,31.08,22.01,24.13,3.57,3.71449832568523,66.2780602753318,44.4561577576584,2.56410256410256
458,19,"23",55.52,4.4,32370,82.9,5.8,94.8417443992665,59.03,1.26,22.23,59.03,16.7,11.7423540315107,41.9122644423849,64.7204201421069,4.14847161572052
218,2,"0",20.71,3.06,40978,93.8,3,90.6849315068493,33.79,2.06,6.19,26.23,7.96,3.67026209185417,80.9727170676949,12.3627312216311,0.91743119266055
291,25,"23",71.24,3.43,37867,73.3,11,94.419784400761,47.44,1.25,3.09,47.44,47.06,20.6406633744421,18.4619853698471,83.0802545752238,8.59106529209622
25,3,"23",51.61,7.4,10800,88.8,10.1,96.0018488560203,62.04,2.02,13.87,62.04,13.78,3.05555555555556,59.4814814814815,53.8425925925926,12
257,7,"22",31.25,10.02,5234,97.3,1.2,96.5578900312919,67.02,14.18,67.02,17.16,0,0.554069545280856,88.1352693924341,10.6801681314482,2.72373540856031
59,7,"23",45.74,4.28,17915,75,14.1,96.4384904427381,50.69,5.25,38.91,50.69,5.15,2.90817750488418,40.1451297795144,77.9402735138152,11.864406779661
297,30,"23",71.44,2.41,52566,89.8,8.6,92.3722855803781,59.46,0,2.1,59.46,38.44,4.6227599589088,56.6601986074649,50.6410988091162,10.1010101010101
205,3,"22",35.11,4.15,9584,94.1,2.5,98.3471074380165,60.63,10.29,60.63,25.22,0.69,3.1406510851419,66.8405676126878,21.6715358931553,1.46341463414634
36,2,"23",42.79,7.99,11365,87.9,8.6,95.4844366505918,42.86,12.74,41.22,42.86,3.19,6.54641443026837,54.1487021557413,33.3743950725913,5.55555555555556
99,3,"21",22.31,20.22,6733,76.5,16.9,96.3111111111111,41.89,41.89,31.08,10.23,2.32,2.52487746918164,42.8783603148671,72.8649933165008,3.03030303030303
100,11,"23",59.22,1.36,4552,94.7,2.9,96.7272727272727,48.43,1.57,15.46,48.43,30.04,6.2390158172232,60.6107205623902,23.0887521968366,11
148,9,"23",62.74,5.39,39210,83.8,7.4,95.548048048048,86,0,2.41,86,11.58,3.1038000510074,45.3175210405509,69.3496557000765,6.08108108108108
396,16,"23",60.72,2.54,22697,90,7.9,96.2400177462289,72.82,1.69,5.85,72.82,19.54,1.8416530819051,68.7844208485703,42.0760452923294,4.04040404040404
78,6,"21",31.96,5.32,10911,82.7,5.4,96.8547418967587,33.4,33.4,31.54,29.09,3.43,2.60287782971313,62.4873980386766,46.1919164146274,7.69230769230769
38,2,"21",23.47,6.3,9633,82.6,8,96.2632006498781,53.18,53.18,20.62,16.28,2.12,1.99314855185301,61.6837952870342,48.7594726461123,5.26315789473684
59,2,"23",64.95,4.1,37565,88.4,5.2,94.4714416508205,81.21,0.29,2.31,81.21,16.18,2.28404099560761,54.2153600425928,56.9625981631838,3.38983050847458
174,2,"23",61.51,3.59,42023,83,7.9,92.9297274046992,59.34,0,11.19,59.34,29.38,4.29764652690193,48.2069342978845,58.4893986626371,1.14942528735632
195,9,"22",17.72,34.26,7136,91.5,3.2,95.222816399287,37.54,12.8,37.54,11.83,0.29,1.68161434977578,69.7029147982063,34.7673766816144,4.61538461538462
31,3,"21",31.96,5.32,10911,82.7,5.4,96.8547418967587,33.4,33.4,31.54,29.09,3.43,2.60287782971313,62.4873980386766,46.1919164146274,9.67741935483871
564,81,"23",61.22,2.5,23986,87.7,6.4,95.9202175883953,67.54,3.97,8.91,67.54,19.57,1.66763945634954,70.9413824731093,30.9263737180022,14.3617021276596
23,3,"24",56.95,1.99,8755,76.9,8,95.3099376844867,38.51,2.69,23.18,35.12,38.51,2.6499143346659,48.4865790976585,68.4066247858367,13.0434782608696
78,7,"23",62.33,2.82,38788,87.6,8,93.0051656031601,70.44,0.99,3.74,70.44,22.27,2.57553882644117,57.5796638135506,50.067031040528,8.97435897435897
83,3,"22",35.36,11.55,7239,92,5.5,95.5722070844687,38.58,10.43,38.58,25.79,9.94,1.6991297140489,82.8429341069208,15.4441221163144,3.6144578313253
10,3,"22",17.08,12.32,5458,92.6,3.5,96.5875370919881,21.75,13.11,21.75,12.12,2.38,1.13594723341883,79.1681934774643,19.5859289116893,30
243,10,"22",30.39,19.91,6553,95,2.7,96.2164361269325,40.64,24.23,40.64,16.12,7.72,1.58705936212422,79.1240653135968,20.8606745002289,4.11522633744856
166,4,"22",23.8,27.59,7462,95.2,2.7,97.3806960889846,42.61,21.11,42.61,15.27,0.88,0.951487536853391,83.9319217367998,17.5824175824176,2.40963855421687
76,5,"23",48.94,4.63,29192,89.8,7.1,95.1421497481431,68.73,12.84,12.36,68.73,6.08,1.40106878596876,68.2789805426144,34.738969580707,6.57894736842105
110,15,"23",51.8,1.59,30175,88.3,5.3,95.1511478142284,69.95,0,23.35,69.95,6.7,1.74979287489644,77.3951946975973,17.0107705053853,13.6363636363636
101,2,"22",17.2,31.72,8373,94.7,3.3,97.8602474088933,23.74,16.57,23.74,8.91,4.75,1.6839842350412,74.1311357936224,20.7930252000478,1.98019801980198
334,3,"23",55.62,3.32,54633,79.8,18,93.4662767844303,44.94,9.84,22.18,44.94,23.05,13.0580418428422,34.6182710083649,31.0618124576721,0.898203592814371
137,7,"90",13.34,34.51,10160,94.9,3.9,93.5053179452365,30.75,15.18,22.82,7.93,2.32,2.08661417322835,70.492125984252,17.8838582677165,5.10948905109489
210,5,"23",43.26,5.72,14126,92.1,4,96.2975838692856,47.2,0.58,46.62,47.2,5.6,1.63528245787909,64.6963046863939,19.1703242248336,2.38095238095238
181,15,"22",25.93,23.32,13088,93.9,3.4,96.7153284671533,47.68,14.44,47.68,15.03,2.57,0.909229828850856,75.9856356968215,20.606662591687,8.28729281767956
610,3,"22",39.46,7.05,13460,82,9,96.1221122112211,46.28,16.98,46.28,25.12,8.54,6.03268945022288,45.0965824665676,55.3937592867756,0.491803278688525
66,10,"23",38.93,4.08,19133,93.4,8.2,94.5739961324081,45.46,14.86,36.09,45.46,3.59,0.872837505879893,83.3533685255841,19.6414571682433,15.1515151515152
562,30,"22",45.27,4.18,10672,92.4,2.7,97.8071268377772,51.54,4.44,51.54,35.14,7.92,2.58620689655172,67.9066716641679,15.5640929535232,5.33807829181495
39,3,"23",55.62,6.35,68607,84.4,15.7,93.901507921359,63.42,0,21.24,63.42,15.15,26.8544026119784,36.6668124243882,35.5080385383416,7.69230769230769
438,17,"22",51.61,7.34,6978,94.4,3.5,96.3017209813255,37.74,2.99,37.74,34.75,22.97,1.23244482659788,79.3207222699914,19.6044711951849,3.88127853881279
167,5,"0",35.03,1.58,46789,82.3,16,92.3259197672002,39.15,0.89,3.85,24.75,19.82,21.1032507640685,48.6396375216397,30.8534057150185,2.9940119760479
392,61,"23",48.55,5.72,19855,94,4.5,94.8814275651561,60.71,3.05,27.41,60.71,8.45,0.715185091916394,84.2306723747167,16.6305716444221,15.5612244897959
207,15,"22",35.02,8.03,14682,96.1,2.1,96.37892569075,50.92,11.76,50.92,31.73,2.22,0.558507015392998,86.9908731780411,14.5892930118512,7.2463768115942
146,4,"23",53.18,5.2,45639,86.5,12.3,94.076803930994,49.23,0.77,29.01,49.23,20.99,25.9975021363308,41.7406165779268,32.0427704375644,2.73972602739726
879,44,"23",49.89,7.64,11961,90.7,6.7,95.0260642919201,46.73,8.5,19.26,46.73,19.65,1.00326059694006,73.1460580219045,18.07541175487,5.00568828213879
75,15,"23",62.48,1.56,12140,70.9,13.9,91.41065830721,37.62,5.61,20.41,37.62,36.36,3.16309719934102,37.2322899505766,70.3212520593081,20
1071,52,"23",54.94,3.73,22121,88.4,11.3,95.6981580510992,64.36,0.78,20.41,64.36,14.26,6.0395099679038,52.2354323945572,18.2812711902717,4.85527544351074
80,3,"23",53.68,5.41,14637,89.5,11.1,96.3808854532677,61.42,0.1,23.15,61.42,14.54,5.30846484935438,52.6747284279566,18.1594589055134,3.75
221,7,"23",58.57,3.33,15675,87.7,4.9,96.815408085431,49.7,1.48,15.71,49.7,33.1,11.0239234449761,46.341307814992,21.4673046251994,3.16742081447964
465,19,"24",59.01,2.87,7630,83.5,4.9,95.5825864276568,42.28,3.96,20.66,30.98,42.28,3.30275229357798,50.3014416775885,43.3813892529489,4.08602150537634
478,9,"23",52.53,5.32,23132,88.5,9.5,95.5959684487292,57.24,0.48,27.61,57.24,14.48,7.33615770361404,47.4753588103061,17.9059311775895,1.88284518828452
948,34,"90",26.61,22.2,12398,89.9,5.1,97.3815461346633,27.93,6.91,11.11,23.12,10.41,2.24229714470076,57.9851588965962,14.1393773189224,3.58649789029536
104,14,"21",30.19,5.02,26315,89.6,6.5,95.7100742096168,40.04,40.04,22.52,33.13,1.9,9.43568307049211,49.2912787383622,17.9745392361771,13.4615384615385
357,42,"22",43.15,8.54,18473,88.1,6.4,96.2523719165085,48.37,0,48.37,44.21,7.42,15.2222162074379,51.8324040491528,20.3215503708115,11.7647058823529
582,13,"22",35.3,7.48,15722,91.5,4.6,96.1021728313153,71.06,4.04,71.06,22.54,0.59,1.9463172624348,72.4144510876479,16.1747869227834,2.23367697594502
600,17,"22",25.7,5.36,5676,92.3,1.2,97.8588807785888,31.43,23.45,31.43,27.88,3.84,5.77871740662438,46.1768851303735,18.5517970401691,2.83333333333333
1083,137,"22",30.47,17.25,21027,94.6,5.3,92.6823238566131,71.98,11.21,71.98,13.72,2.13,13.8678841489513,68.1266942502497,19.0184049079755,12.6500461680517
541,7,"22",50.53,3.43,18473,89.3,4.8,94.4657244749703,41.77,3.05,41.77,31.33,23.84,3.3291831321388,52.5577870405457,15.4387484436746,1.29390018484288
1233,37,"22",48.87,8.79,11925,95.9,2.3,94.0581542351454,43.34,4.34,43.34,33.11,19.21,0.779874213836478,82.8846960167715,11.4800838574423,3.00081103000811
612,3,"22",39.53,10.79,9310,90.6,2.2,96.8790637191157,61.31,4.68,61.31,26.9,7.12,1.23523093447905,72.7067669172932,23.8345864661654,0.490196078431373
485,27,"22",51.46,5.48,17172,96.4,1.1,94.2849476790985,42.91,4.53,42.91,23.43,28.06,1.85185185185185,82.7684602841835,13.6850687165153,5.56701030927835
793,43,"22",37.83,13.1,11198,98.3,1.2,93.940990516333,68.23,3.9,68.23,20.76,6.73,0.491159135559921,88.1318092516521,9.89462404000714,5.42244640605296
1105,34,"90",14.25,28.14,4958,99.2,7.2,93.6626746506986,42.79,10.11,24.63,8.93,2.16,0.262202501008471,83.8644614764018,11.6780960064542,3.07692307692308
621,10,"22",33.76,13.03,11780,96.2,3.2,93.7708333333333,67.57,10.62,67.57,17.37,4.15,1.34974533106961,72.0543293718166,14.3972835314092,1.61030595813204
480,15,"22",34.53,11.34,10763,97.9,3.9,91.5857605177994,72,6.55,72,19.96,1.09,0.650376289138716,76.4006317941095,7.70231348137136,3.125
223,9,"24",67.04,0.18,8607,84.6,5.2,93.1932996543473,48.02,3.86,13.4,34.72,48.02,2.64900662251656,52.410828395492,39.9674683397235,4.03587443946188
301,18,"23",48.84,4.65,10706,80.1,9.5,92.7222575854021,43.14,3.48,29.03,43.14,18.59,3.23183261722399,46.5346534653465,54.2406127405193,5.98006644518272
152,7,"22",33.13,10.79,13442,95.2,3.3,96.3035365203483,54.19,21.66,54.19,20.56,3.59,1.41348013688439,70.979020979021,17.7726528790359,4.60526315789474
105,2,"0",3.33,47.24,677,96.4,2.4,75.1196172248804,55.6,4.66,6.94,3.67,0,2.65878877400295,77.6957163958641,15.2141802067947,1.9047619047619
10,2,"23",46.88,1.04,5346,85.2,6.6,78.7598334104581,39.79,22.64,19.36,39.79,18.21,24.4855967078189,32.5289936401048,50.2992891881781,20
309,7,"22",39.9,11.47,8267,94,6.8,93.8209752839011,69.11,4.25,69.11,21.33,5.12,84.7344865126406,7.52389016571912,9.41091085036894,2.26537216828479
323,15,"22",14.38,30.62,6483,87.5,8.3,96.109240553685,29.44,10.31,29.44,6.34,0.1,8.93105043961129,63.1343513805337,34.7215795156563,4.64396284829721
347,6,"23",42.9,5.98,7954,83.2,11.8,91.0069664344522,60.37,4.89,12.13,60.37,6.65,7.30450088006035,42.532059341212,79.0545637415137,1.72910662824208
144,3,"23",48.77,1.17,6884,80,3.2,97.7777777777778,44.46,3.95,30.18,44.46,17.07,8.29459616502034,54.8373038930854,52.0482277745497,2.08333333333333
26,10,"22",39.12,7.1,7286,91.4,4.7,95.3655352480418,43.82,4.44,43.82,41.7,7.53,6.86247598133407,80.1399945100192,18.5561350535273,38.4615384615385
410,3,"90",11.65,17.92,4295,81.1,12.9,96.313672922252,20.79,1.18,5.52,9.95,2.96,3.49243306169965,32.3399301513388,100.046565774156,0.731707317073171
381,13,"23",56.9,1.84,17305,95.4,4.4,95.6528279181709,57.82,4.44,10.04,57.82,27.7,28.9453915053453,54.4235770008668,23.9699508812482,3.41207349081365
256,11,"22",45.12,6.4,10442,87.7,9.4,96.969696969697,46.24,2.51,46.24,43.53,7.53,5.93755985443402,77.3127753303965,23.6065887760965,4.296875
57,2,"22",42.75,10,19407,92.7,9.6,92.5907872288569,58.49,1.77,58.49,29.44,10.11,63.8944710671407,28.7628175400629,9.88303189570773,3.50877192982456
1657,32,"22",23.27,15.97,3488,95.7,0.3,95.9432048681542,46.24,8.2,46.24,19.4,2.61,0.716743119266055,84.8050458715596,17.6032110091743,1.93120096560048
62,2,"22",29.71,21.78,10415,98.7,3.1,94.7727947727948,65.28,16.92,65.28,13.15,2.22,2.14114258281325,81.1809889582333,14.4599135861738,3.2258064516129
85,3,"22",30.99,11.77,9370,98.4,1.6,93.2632880098888,74.66,9.84,74.66,12.87,2.63,1.04589114194237,83.2337246531483,11.7716115261473,3.52941176470588
18,2,"23",42.3,10.23,21057,78.8,5.1,95.0334011036886,53.52,4,12.5,53.52,5.47,2.88265184974118,32.5782400151968,96.1200550885691,11.1111111111111
160,8,"23",61.31,4.35,30214,76.5,7.7,94.6325509811466,82.16,0,2.22,82.16,15.62,3.76315615277686,31.6872972794069,96.8226649897399,5
286,10,"23",50.09,5.73,24396,85.2,9.5,94.5521601685985,67.76,4.73,15.06,67.76,9.07,6.22643056238728,47.7660272175766,68.6014100672241,3.4965034965035
190,5,"23",51.88,9.3,2437,96.7,2.4,93.4891485809683,32.14,7.53,17.18,32.14,31.95,3.40582683627411,73.081657775954,11.1612638489947,2.63157894736842
189,18,"22",42.65,8.21,18514,94.4,5.8,91.3447432762836,50.1,3.76,50.1,34.49,11.66,25.985740520687,54.9530085340823,19.5797774657016,9.52380952380952
116,13,"22",41.72,10.21,11437,93.9,3.3,96.3584288052373,57.86,8.35,57.86,26.72,7.07,1.70499256798111,81.8308997114628,20.8009093293696,11.2068965517241
208,6,"23",48.29,0.93,7428,89.6,4.1,93.041825095057,41.3,9.54,25.66,41.3,17.7,6.36779752288638,68.3360258481422,20.0592353257943,2.88461538461538
53,9,"24",73.2,1.37,15775,66.7,11.4,94.8205625606208,55.08,0.2,11.52,33.2,55.08,13.9080824088748,20.2916006339144,91.4167987321712,16.9811320754717
324,12,"24",72.3,1.31,7863,92.4,5.2,95.778175313059,52.23,0.78,9.9,37.09,52.23,2.09843571156047,71.1306117258044,25.0158972402391,3.7037037037037
118,2,"23",66.78,2.91,62887,95,2.9,91.3183279742765,52.32,0.39,4.15,52.32,37.84,7.0412008841255,77.5279469524703,12.7291809117942,1.69491525423729
305,8,"24",82.14,0.82,13219,80.6,13.5,95.293867120954,78.96,0.19,7.82,13.03,78.96,3.80512898101218,44.64029049096,74.3626598078523,2.62295081967213
122,6,"23",61.14,1.86,16826,82.7,7.6,95.4156577885391,52.65,1.96,20.43,52.65,24.36,7.82717223344823,38.1255200285273,41.4715321526209,4.91803278688525
364,13,"23",62.24,2.62,15729,77.7,8.3,94.8368522072937,43.81,0.3,20.52,43.81,35.38,2.32055438998029,40.1869158878505,81.5182147625405,3.57142857142857
87,9,"23",46.19,2.85,10977,85.1,2.7,97.1773220747889,51.34,8.23,35.88,51.34,4.56,2.05885032340348,69.8824815523367,32.2219185569828,10.3448275862069
284,4,"24",64.61,3.67,7185,86.8,12.5,95.6127080181543,42.62,3.59,22.91,30.87,42.62,1.33611691022965,65.1217814892136,40.5010438413361,1.40845070422535
258,5,"22",21.61,3.93,8421,90,2.9,99.0535129231889,32.49,7.02,32.49,17.95,0.59,3.61002256264102,57.9741123382021,26.042037762736,1.93798449612403
106,2,"23",44.85,4.87,16809,62.9,19.2,94.4151355284701,29.4,5.41,20.65,29.4,25.17,8.97733357130109,23.2494496995657,95.8653102504611,1.88679245283019
297,2,"22",37.02,9.35,10941,93.7,5,97.1072319201995,70.25,11.15,70.25,17.61,0.68,2.93391828900466,71.748469061329,18.279864729001,0.673400673400673
866,85,"23",44.08,7.02,30375,87.1,9.5,94.9671024523626,52.34,2.83,33.72,52.34,8.19,21.2082304526749,47.8255144032922,27.9769547325103,9.81524249422633
60,5,"24",63.81,2.33,15946,86.3,7,95.65453557849,51.06,2.03,9.36,32.92,51.06,21.397215602659,41.9854508967766,27.8439734102596,8.33333333333333
193,33,"22",39.16,11.47,27069,95,4.9,90.0395033860045,45.76,11.46,45.76,27.17,12.52,12.6048247072297,60.3162288965237,18.3974287930843,17.0984455958549
350,15,"90",28.52,24.5,11817,91.4,14.8,93.5656836461126,27.7,13.32,12.07,23.07,13.51,3.15646949310316,49.6488110349496,16.975543708217,4.28571428571429
939,22,"22",23.46,19.27,6096,99.4,4.9,92.3872180451128,59.26,19.69,59.26,9.8,0.39,0.344488188976378,86.6797900262467,11.5649606299213,2.34291799787007
38,7,"22",35.33,10.48,12824,89.4,3,96.5006729475101,67.08,8.59,67.08,21.24,3.09,1.81690580162196,67.0461634435434,30.817217716781,18.4210526315789
424,12,"22",32.15,15.93,5182,97.9,0.1,95.1553449183781,87.19,4.05,87.19,8.77,0,0.945580856812042,86.6267850250868,10.3049015824006,2.83018867924528
656,27,"22",50,4.87,14654,95.2,1.6,96.0900844541758,36.08,10.14,36.08,35.29,18.49,1.43987989627405,76.900504981575,16.514262317456,4.11585365853659
478,6,"22",20.66,20.07,4417,93.9,3.6,96.7032967032967,30.36,26.44,30.36,14.1,3.53,0.724473624632103,89.4951324428345,13.1310844464569,1.25523012552301
397,15,"23",57.11,3.01,26805,87.1,16.4,89.6602530767897,72.78,1.06,7.05,72.78,18.53,95.4560716284275,0.581980973698937,5.1147174034695,3.77833753148615
403,17,"23",54.12,2.03,20989,87.8,9.5,94.8000527913422,62.64,6.37,12.16,62.64,17.95,67.8164752965839,10.4578588784601,30.2396493401305,4.21836228287841
437,7,"24",74.55,1.61,28479,72,11.5,94.6634189548273,48.89,0.39,1.83,48.6,48.89,5.26001615225254,28.1821693177429,94.8102110326907,1.60183066361556
464,17,"24",40.01,21.04,3151,97.3,0.9,95.2182952182952,31.09,11.09,9.9,18.32,31.09,3.64963503649635,83.6242462710251,13.6147254839733,3.66379310344828
671,72,"22",46.17,9.14,18292,95.7,1.9,91.867427934828,55.47,0,55.47,34.08,10.45,4.06188497703914,81.5001093374153,19.6588672643779,10.7302533532042
259,26,"23",48.18,2.93,58907,87.1,13.3,92.2077002089753,48.94,5.31,15.73,48.94,19.79,9.42672347938276,50.7240226119137,54.6777123262091,10.03861003861
197,6,"23",49.83,4.63,11628,78.1,11.7,96.8796804792811,42.28,5.31,37.36,42.28,15.06,2.31338149294806,39.4822841417269,80.2631578947368,3.04568527918782
545,39,"23",66.85,2.39,25298,87.6,5.8,96.5609249925882,58.73,0,5.79,58.73,35.49,0.93683295122144,76.9428413313305,23.1480749466361,7.15596330275229
605,10,"24",71.28,0.81,4474,55.4,26.7,86.9993838570548,61.16,1.16,12.17,23.67,61.16,1.0952168082253,26.4640143048726,108.67232901207,1.65289256198347
406,2,"23",45.98,9.97,17059,65.8,13.1,94.798627415568,32.42,10.22,31.24,32.42,18.57,6.108212673662,27.1410985403599,93.545928835219,0.492610837438424
343,16,"24",62.76,5.15,4868,78.4,32.8,89.4333843797856,53.38,3.38,10.81,18.73,53.38,66.721446179129,7.14872637633525,38.3525061626952,4.66472303206997
307,20,"23",64.5,2,13669,86.2,12.7,95.119305856833,43.08,0.78,13.74,43.08,42.4,9.83978345160582,69.3320652571512,26.6588631209306,6.51465798045603
358,7,"23",54.01,4.72,24501,79.4,21.9,85.0929435120014,68.22,0.79,9.21,68.22,19.6,70.5603852903963,6.32219093098241,32.929268193135,1.95530726256983
960,23,"23",55.62,2.52,15973,83.4,12,94.5010183299389,68.5,0.1,13.78,68.5,16.86,14.4368622049709,67.5640142740875,25.5493645526827,2.39583333333333
71,2,"22",29.87,20.89,11050,97.4,3.2,95.8208208208208,59.1,16.32,59.1,17.9,1.57,5.55656108597285,73.158371040724,13.0226244343891,2.8169014084507
162,6,"22",31.96,19.51,10027,98.6,2.4,95.4727793696275,74.76,11.8,74.76,13.15,0,1.396230178518,78.9667896678967,12.167148698514,3.7037037037037
169,6,"22",38.56,10.83,10232,97.4,3.3,92.4186842748838,41.87,16.75,41.87,31.74,6.82,4.55433932759969,75.1954652071931,16.2040656763096,3.55029585798817
52,3,"22",32.11,11.21,10966,95.8,4,95.2645566561972,43.45,26.67,43.45,26.96,1.26,3.08225424037935,75.9073499908809,15.7213204450119,5.76923076923077
138,6,"22",35.59,15.77,9672,95.7,6,95.9370238699848,55.5,17.37,55.5,24.71,2.41,6.0277088502895,59.6050454921423,18.5277088502895,4.34782608695652
108,2,"22",45.51,6.52,6010,96.2,1.4,95.5169628432956,43.68,10.7,43.68,36.07,9.55,2.92845257903494,71.5474209650582,16.6555740432612,1.85185185185185
359,12,"24",77.3,1.24,36033,76.4,23.3,91.7923915397387,62.66,0.2,4.59,32.45,62.66,55.9986678877695,10.3488468903505,47.9671412316488,3.34261838440111
478,17,"23",65.65,3.12,22597,69.7,13.9,93.6891312816517,69.78,0,2.43,69.78,27.79,11.4395716245519,23.1756427844404,93.1893614196575,3.55648535564854
261,28,"23",62.81,2,50800,92.7,3.5,93.8382383206421,63.36,1.16,5.3,63.36,28.35,2.70472440944882,69.490157480315,31.3051181102362,10.727969348659
177,8,"23",43.88,7.44,23781,87.6,9.8,95.4860702950511,63.35,2.71,31.14,63.35,1.06,5.64736554392162,49.2536058197721,19.2338421428872,4.51977401129944
26,3,"22",26.67,21.28,8712,92.8,3.4,94.6125461254613,58.27,28.15,58.27,11.02,2.56,1.45775941230487,75.9527089072544,11.7768595041322,11.5384615384615
178,6,"23",42.81,7.64,5074,92,6.3,94.047619047619,30.42,2.16,17.86,30.42,27.58,59.026409144659,25.1675206937328,20.3981080015767,3.37078651685393
195,7,"90",12.45,24.92,8671,83.5,17.8,90.0890548692904,26.1,20.12,20.52,9.46,0.8,62.2650213354861,12.5821704532349,34.1598431553454,3.58974358974359
111,3,"23",49.82,5.44,17377,90.8,14,91.0264944747703,53.2,2.27,27.39,53.2,17.14,90.1939345111354,3.91321862231686,7.23945445128618,2.7027027027027
311,25,"22",40.51,3.09,9419,93.5,0.6,97.3376799782668,53.76,6.85,53.76,36.68,2.41,3.15320097674912,84.0428920267544,13.1011784690519,8.03858520900322
297,8,"23",23.66,6.27,7427,83.7,46.5,89.449860724234,21.79,9.13,17.86,21.79,5.79,93.9006328261748,1.07715093577488,6.53022754813518,2.69360269360269
292,9,"23",46.74,7.35,9523,90.2,6.4,96.2350546934622,42.18,7.14,29.73,42.18,17.57,15.8458468969862,59.2880394833561,35.7975427911372,3.08219178082192
492,24,"23",44.11,3.92,18785,89.7,5.6,95.0248756218905,68.18,0.1,30.56,68.18,0.68,6.79265371306894,71.8126164492947,30.7372903912696,4.8780487804878
135,7,"23",53.29,4.9,18509,89.1,7.2,95.952807646356,67.28,0,18.63,67.28,14.09,4.230374412448,69.7768653087687,37.6681614349776,5.18518518518519
265,6,"23",43.89,1.84,18268,85.5,8.8,97.2198213771247,47.2,8.01,39.19,47.2,5.6,23.4344208451938,45.9656229472301,45.5167506021458,2.26415094339623
242,13,"22",31.94,3.05,18057,87.1,8.9,96.412213740458,52.03,19.57,52.03,25.87,1.94,37.5089992800576,38.4061582765686,34.2581824223293,5.37190082644628
106,3,"22",32.13,21.05,11866,98.6,3.2,96.222562531904,60.84,19.04,60.84,17.57,2.55,2.42710264621608,77.6841395584022,13.0456767234114,2.83018867924528
157,4,"22",41.1,8,8684,74.5,8.3,95.3461975028377,31.44,18.71,31.44,28.01,16.36,10.2602487333026,44.3689543988945,70.0483648088439,2.54777070063694
83,3,"22",47.48,9.44,12485,95.8,4.8,93.0565010211028,32.16,9.29,32.16,30.99,20.53,5.39046856227473,72.7593111734081,17.5810973167801,3.6144578313253
18,2,"22",41.1,8,8684,74.5,8.3,95.3461975028377,31.44,18.71,31.44,28.01,16.36,10.2602487333026,44.3689543988945,70.0483648088439,11.1111111111111
146,4,"22",44.28,7.73,11008,98,1,92.5181462869905,54.72,4.42,54.72,22.99,17.88,1.30813953488372,79.4876453488372,12.7089389534884,2.73972602739726
649,7,"22",26.89,22.67,12168,98.4,1.2,93.3874709976798,50.24,6.1,50.24,16.55,2.23,0.657462195923734,91.20644312952,10.7577251808021,1.07858243451464
679,16,"23",57.95,4.91,16242,90.1,5.5,94.351630867144,54.56,0,20.44,54.56,25,65.1028198497722,14.1916020194557,28.2785371259697,2.35640648011782
818,35,"90",36.67,16.09,14739,87.2,10.9,90.0867609254499,23.26,9.24,22.37,21.07,19.09,42.1670398263111,31.5625212022525,33.5436596784042,4.27872860635697
143,4,"22",37.23,10.24,13820,95.6,4.8,96.5412186379928,75.62,2.78,75.62,17.24,4.36,2.53256150506512,80.0868306801737,20.2749638205499,2.7972027972028
936,133,"23",56.55,3.69,27452,87.1,6.2,95.2413127413127,71.72,0,16.02,71.72,12.26,30.4713682063238,37.9498761474574,40.5799213172082,14.2094017094017
159,6,"23",49.36,3.14,15843,81,6.6,95.6987262322319,48.55,1.84,43.41,48.55,6.01,6.10995392286814,40.2322792400429,46.4495360727135,3.77358490566038
160,3,"22",35.49,5.6,10695,89.2,4.1,97.0333181195801,58.64,13.52,58.64,23.69,1.58,3.70266479663394,67.6390836839645,21.1126694717158,1.875
282,14,"90",30.73,17.07,8966,83.6,11.2,95.8049577771724,42.89,3.38,9.55,32.24,7.56,1.73990631273701,64.0419362034352,41.467767120232,4.9645390070922
41,2,"24",75.35,0.83,24686,87.5,6.6,96.6406961448953,58.42,0.8,3.19,37.59,58.42,1.28817953495909,74.3700883091631,27.6350968160091,4.8780487804878
235,9,"90",20.9,33.77,10269,92.2,5.2,96.846057571965,48.16,9.87,13.86,15.35,7.88,1.76258642516311,74.9440062323498,23.0304800856948,3.82978723404255
88,6,"23",47.44,5.93,24210,87.9,9.4,95.6884098233137,56.05,3.87,30.01,56.05,8.71,8.17430813713342,46.9516728624535,19.4010739363899,6.81818181818182
553,16,"22",35.3,7.48,15722,91.5,4.6,96.1021728313153,71.06,4.04,71.06,22.54,0.59,1.9463172624348,72.4144510876479,16.1747869227834,2.89330922242315
648,8,"22",45.53,2.31,4041,96.8,2.6,91.7641077783426,31.76,20.69,31.76,27.06,19.9,0.643405097748082,69.0670626082653,7.22593417470923,1.23456790123457
138,2,"23",48.69,3.68,5629,95.1,2.4,96.1761858664085,35.23,10.58,31.94,35.23,20.36,1.29685556937289,73.4233434002487,15.4556759637591,1.44927536231884
203,3,"22",34.37,8.9,13443,81.2,5.5,95.9625390218522,65.03,4.41,65.03,25.37,0.98,2.41017629993305,52.9271739939002,57.6582608048799,1.47783251231527
96,2,"22",21.72,12.68,5852,88.3,5,92.9968701095462,36.45,16.95,36.45,13.89,0.79,1.0082023239918,73.8038277511962,33.4415584415584,2.08333333333333
350,28,"22",25.36,19.45,11101,93.1,11.1,94.0543071161049,55,7.1,55,16,1.5,2.36014773443834,57.4182506080533,19.0253130348617,8
471,34,"22",30.85,14.18,11754,97.8,1.5,95.5825131609064,78.18,7.37,78.18,14.06,0.39,0.348817423855709,79.7430661902331,9.4265781861494,7.21868365180467
177,2,"23",60.22,2.36,26151,90.4,7.1,95.2830188679245,61.68,5.79,10.04,61.68,22.39,9.26542006041834,47.1683683224351,18.1484455661351,1.12994350282486
84,2,"22",39.38,7.59,11877,77.1,9.7,96.1575408261287,40.78,11.61,40.78,38.83,8.78,2.92161320198703,48.8928180516966,62.8525721983666,2.38095238095238
169,7,"22",36.98,7.86,12881,80.6,6,95.369978858351,60.26,11.4,60.26,25.67,2.68,3.77299899076159,53.0238335532956,57.7750174675879,4.14201183431953
116,3,"22",19.82,10.98,521,92.3,4.8,94.6666666666667,31.59,14.22,31.59,15.1,1.48,0.191938579654511,87.7159309021113,16.8905950095969,2.58620689655172
78,6,"22",42.28,7.97,14652,77.5,9.2,94.3471640654739,54.07,6.1,54.07,36.24,3.49,6.66803166803167,45.3316953316953,66.8509418509419,7.69230769230769
127,5,"22",30.92,5.51,6055,98.2,1.6,95.7776820336062,46.06,33.63,46.06,16.86,3.45,0.297274979355904,89.9091659785301,12.0066061106524,3.93700787401575
69,4,"22",30.58,19.36,12985,97.4,4.1,94.382243174229,87.11,6.78,87.11,6.01,0.1,2.71082017712745,85.6988833269157,10.6507508663843,5.79710144927536
44,3,"22",38.74,9.12,11488,95.8,1.8,97.1534367044666,73.16,4.07,73.16,21.41,1.36,1.56685236768802,80.1619080779944,16.1646935933148,6.81818181818182
173,8,"22",39.64,14.13,13917,95.9,3.2,93.3708082961814,66.07,3.56,66.07,16.32,12.66,2.71610260832076,79.6507868075016,12.7685564417619,4.6242774566474
348,8,"22",33.2,22.58,10782,87.2,4.2,96.4589560818579,33.4,12.45,33.4,21.81,11,1.69727323316639,69.3377851975515,38.5920979410128,2.29885057471264
45,24,"23",56.92,7.3,31713,90,6.3,87.6149269875608,36.6,0.29,31.31,36.6,31.4,16.2677766215747,54.2521994134897,21.0828366915776,53.3333333333333
56,2,"21",37.92,8.86,6544,93.2,1,95.5146036161335,34.56,34.56,23.36,28.47,13.61,1.69621026894866,76.8643031784841,18.0776283618582,3.57142857142857
28,8,"23",62.13,4.81,37306,86.4,9.1,93.2763723683476,51.62,0.88,17.57,51.62,29.93,22.5700959631159,52.1042191604568,25.7786951160671,28.5714285714286
110,97,"23",44.08,7.02,30375,87.1,9.5,94.9671024523626,52.34,2.83,33.72,52.34,8.19,21.2082304526749,47.8255144032922,27.9769547325103,88.1818181818182
142,6,"22",12.02,5.75,1046,94.2,3.8,95.9375,24.61,7.34,24.61,10.33,1.06,0.764818355640535,89.6749521988528,13.7667304015296,4.22535211267606
197,7,"22",37.22,12.3,7452,94.9,4.4,95.8039610607587,66.41,1.74,66.41,25.19,6.66,0.657541599570585,91.1030595813205,11.1379495437466,3.55329949238579
150,3,"22",24,7.14,4924,94.6,0.1,98.4866123399301,35.33,7.43,35.33,19.79,0.97,3.29000812347685,83.570268074736,13.2006498781478,2
71,2,"22",36.08,13.44,9311,97.3,1.9,95.5918367346939,51.35,19.98,51.35,16.6,12.07,0.8162388572656,87.8315970357641,12.6624422725808,2.8169014084507
129,7,"22",27.04,14.61,9349,97.9,0.9,91.2291537986411,84.28,10.32,84.28,5.3,0.1,1.14450743395016,80.2117873569366,12.8249010589368,5.42635658914729
72,2,"22",41.22,5.34,3006,95.5,6.1,95.0299914310197,47.28,12.35,47.28,28.21,10.7,1.79640718562874,57.9840319361277,11.87624750499,2.77777777777778
55,3,"23",55.57,5.75,10146,98.1,2.1,89.1190351337179,36.78,7.34,27.32,36.78,27.12,2.71042775478021,79.9329785137,15.5824955647546,5.45454545454545
134,18,"22",37.07,8.89,14320,94.3,9,95.1140592137195,75.49,2.04,75.49,19.65,2.14,4.00837988826816,72.7583798882682,17.6815642458101,13.4328358208955
335,6,"22",37.82,14.41,14150,98,5.3,96.1538461538462,38.23,15.86,38.23,35.76,4.53,4.81978798586572,74.0777385159011,13.8727915194346,1.7910447761194
238,25,"23",48.74,5.19,21761,75.6,36,76.2289562289562,67.09,0.1,20.91,67.09,11.91,78.1351959928312,2.66991406644915,24.3646891227425,10.5042016806723
162,20,"23",71.16,1.85,62082,96.2,2.8,93.608630467375,58.98,0,0.48,58.98,40.54,2.44354241164911,79.385329080893,19.108598305467,12.3456790123457
192,20,"23",62.73,3.2,51221,81.4,8.8,92.3768192179555,62.26,0.58,6.37,62.26,29.05,4.55867710509361,45.1299271783058,61.578258917241,10.4166666666667
124,11,"24",76.04,1.44,64102,93.6,7.3,93.2453369882605,57.72,0.1,0.19,41.89,57.72,5.92805216685907,68.0212785872516,31.4670369099248,8.87096774193548
153,30,"23",53.34,3.92,22579,93.2,4.6,95.8537082314588,65.97,1.88,23.41,65.97,8.73,0.876921032818105,82.2977102617476,20.9752424819523,19.6078431372549
369,14,"22",50.35,3.35,33820,87.9,4.9,95.4886032021453,37.92,5.39,37.92,35.43,21.26,2.34476641040804,57.2176227084565,52.602010644589,3.7940379403794
203,14,"23",72.31,3.07,60867,67.2,14.5,93.6449243208598,67.75,0,0.2,67.75,32.06,3.62429559531437,23.1931917130793,102.840619711831,6.89655172413793
273,10,"24",77.78,1.26,43859,95.4,4.2,92.5568601691436,72.73,0.48,1.64,24.37,72.73,7.98695820698146,67.1925944503979,26.7242755192777,3.66300366300366
228,22,"23",57.19,4.18,46386,79.8,23.9,90.2472080667896,75.61,0,8.72,75.61,15.48,74.0999439486052,5.27098693571336,27.8101151209417,9.64912280701754
274,15,"23",59.92,1.06,25248,79.3,10.8,97.2175782182947,83.15,1.28,2.56,83.15,12.22,14.199144486692,33.4878010139417,78.0893536121673,5.47445255474453
106,9,"23",52.25,1.68,26718,89.8,4.1,95.215941011236,74.52,0.1,19.79,74.52,5.6,1.9350250767273,75.6830601092896,18.2124410509769,8.49056603773585
289,47,"23",59.07,3.34,25185,89,8.1,96.0695686351577,77.18,5.81,4.6,77.18,12.41,1.01250744490768,73.4087750645225,27.532261266627,16.2629757785467
381,20,"22",37.54,4.05,15227,89.7,5.7,95.3651685393258,46.26,12.15,46.26,36.05,5.54,0.998226833913443,73.0084717935247,17.9483811650358,5.249343832021
38,7,"24",64.98,2.83,13118,89.7,7.4,92.028880866426,43.3,2.89,12.34,38.67,43.3,3.35416984296387,67.1672511053514,23.0980332367739,18.4210526315789
345,6,"22",14.96,23.17,2879,98.8,2.1,93.0194805194805,46.31,22.82,46.31,1.55,0.1,0.729419937478291,87.8082667592914,15.3178186870441,1.73913043478261
32,2,"0",25.1,7.81,9729,84,10.8,94.3516699410609,19.01,7.52,13.66,17.92,8.42,9.6001644567787,45.8937198067633,39.377119950663,6.25
62,6,"22",34.93,20.5,18631,65.5,12.1,95.6514657980456,45.77,16.42,45.77,26.04,5.34,6.15103859159465,28.2593526917503,90.4943373946648,9.67741935483871
204,18,"23",65.83,0.95,14217,82.2,12.7,95.7482361678426,45.53,5.77,10.54,45.53,38.17,1.33642821973693,61.5741717661954,48.8499683477527,8.82352941176471
187,6,"90",34.65,21.69,8449,86.1,9.4,95.697451356536,48.35,3.79,3.59,10.1,27.67,1.75168659012901,72.6239791691324,29.281571783643,3.20855614973262
287,80,"22",38.26,12.06,21394,93.7,6.5,92.5755363360665,53,7.1,53,27.2,8.7,16.2008039637281,62.4707862017388,20.0803963728148,27.8745644599303
31,3,"22",37.9,12.21,20342,96.2,3.2,88.1936953134364,47.16,4.19,47.16,32.9,8.08,8.68646150820962,61.031363681054,15.4458755284633,9.67741935483871
198,4,"24",79.1,0.22,26991,69,20.1,89.9977370445802,81.08,0,0.58,12.74,81.08,17.2205549998148,20.0992923567115,70.0418658071209,2.02020202020202
18,3,"23",60.22,3.52,33298,91,6.7,94.3838091796169,85.58,1.07,3.51,85.58,9.84,1.79290047450297,64.6255030332152,39.3747372214547,16.6666666666667
264,8,"23",56.75,6.93,17603,89.8,7,95.7833133253301,47.25,2.1,10.49,47.25,30.87,2.44276543770948,60.2113276146111,19.9000170425496,3.03030303030303
215,4,"23",66.31,3.26,68608,77.9,12.2,91.943962714069,57.82,0,6.08,57.82,35.91,14.149953358209,52.4720149253731,26.3875932835821,1.86046511627907
133,9,"22",28.78,8.54,13057,95,2.5,95.9334565619224,57.77,26.99,57.77,12.43,0.78,0.689285440759746,77.927548441449,12.2845982997626,6.76691729323308
103,14,"23",66.15,2.52,31935,85,5.9,94.9323549644577,70.72,0,4.44,70.72,24.83,7.37435415688116,53.493032722718,56.157820573039,13.5922330097087
192,26,"22",43.49,5.69,21290,96.6,2.2,95.7803883960681,66.54,0.39,66.54,26.22,6.75,0.380460310004697,87.6937529356505,14.2179426961015,13.5416666666667
32,28,"23",64.99,1.84,21893,65.1,15.8,94.9825873855282,46.31,0.2,17.24,46.31,35.96,8.76992646051249,29.9958890969716,86.3700726259535,87.5
91,3,"0",15.19,5.8,3492,93,1.4,95.1497860199715,32.04,18.16,29.71,5.05,1.36,1.00229095074456,83.3046964490264,21.3631156930126,3.2967032967033
53,2,"22",26.79,15.35,9922,94.1,4.6,96.8628467721027,59.76,8.48,59.76,11.34,1.08,2.25760935295303,75.6903850030236,27.9177585164281,3.77358490566038
96,8,"23",34.81,15.26,15992,82.8,11.9,94.9418523189015,27.6,12.73,20.12,27.6,14.77,4.01450725362681,59.0545272636318,18.9032016008004,8.33333333333333
45,3,"21",29.98,4.23,11723,96.3,2.5,97.3684210526316,36.39,36.39,36,25.87,1.64,1.38189883135716,67.3633029088117,13.0597969802951,6.66666666666667
243,2,"22",28.35,18.43,8279,96.9,1.3,97.0458404074703,64.69,21.05,64.69,8.73,0.1,1.18371784031888,71.9893706969441,9.67508153158594,0.823045267489712
84,2,"22",45.07,9.33,10639,92.7,4.4,95.4635981411817,47.73,7.59,47.73,25.44,19.23,3.93834006955541,74.5652786916064,20.0958736723376,2.38095238095238
262,79,"22",50.35,3.35,33820,87.9,4.9,95.4886032021453,37.92,5.39,37.92,35.43,21.26,2.34476641040804,57.2176227084565,52.602010644589,30.1526717557252
70,2,"0",20.71,3.06,40978,93.8,3,90.6849315068493,33.79,2.06,6.19,26.23,7.96,3.67026209185417,80.9727170676949,12.3627312216311,2.85714285714286
127,62,"22",50.35,3.35,33820,87.9,4.9,95.4886032021453,37.92,5.39,37.92,35.43,21.26,2.34476641040804,57.2176227084565,52.602010644589,48.8188976377953
121,10,"23",52.25,1.68,26718,89.8,4.1,95.215941011236,74.52,0.1,19.79,74.52,5.6,1.9350250767273,75.6830601092896,18.2124410509769,8.26446280991736
47,2,"24",52.27,4.77,7829,83.2,2.4,95.5587914088096,30.25,0.99,10.44,25.62,30.25,1.78822327244859,45.3825520500703,80.1634946991953,4.25531914893617
53,2,"24",61.78,1.34,12491,69.8,10,95.6030459346598,46.04,0.68,13.42,39,46.04,6.70082459370747,24.8258746297334,103.706668801537,3.77358490566038
260,19,"22",37.11,9.93,14307,93.7,1.9,94.5524691358025,79.38,2.23,79.38,13.75,4.65,1.34899000489271,81.6104005032502,17.341161669113,7.30769230769231
277,23,"22",42.78,4.88,14200,90.6,10.4,96.259842519685,44.12,5.49,44.12,37.48,9.63,2.65492957746479,52.1971830985916,17.7183098591549,8.30324909747292
51,2,"23",55.44,3.15,13301,94.6,2.9,96.9822240595287,55.56,3.4,23.92,55.56,17.12,1.57131042778738,58.5820614991354,20.8630930005263,3.92156862745098
303,13,"22",34.36,13.94,18674,98.6,1.3,94.1862059509118,72.38,3.69,72.38,20.24,3.59,2.12595051943879,81.8196422833887,12.3112348720146,4.29042904290429
99,8,"22",34.77,12.87,8818,93.1,2.1,96.5001335826877,78.86,2.46,78.86,15.34,0.59,3.68564300294851,76.2757995010206,29.2129734633704,8.08080808080808
17,4,"22",45.54,8.47,12398,94.3,1.9,96.1996851810209,48.4,0.29,48.4,48.21,3.1,2.5165349249879,82.8198096467172,20.3177931924504,23.5294117647059
52,3,"22",37.15,7.96,12409,97.3,1.9,93.9259259259259,58.67,8.97,58.67,31.77,0.58,3.8198082037231,68.1924409702635,12.5312273349988,5.76923076923077
71,8,"90",23.3,27.84,9152,93.3,6.8,96.011315417256,52.25,5.39,10.29,11.19,13.49,7.8125,63.3304195804196,34.6372377622378,11.2676056338028
33,4,"22",23.74,8.87,5007,97,2.8,97.6949485041687,45.27,17.76,45.27,21.76,2.44,2.75614140203715,72.0391451967246,19.8322348711803,12.1212121212121
49,3,"22",29.75,6.13,8445,94.1,1.9,98.0265186555658,42.09,25.57,42.09,22.39,0.9,1.04203670811131,69.449378330373,11.9478981645944,6.12244897959184
60,3,"22",25.11,15.06,8005,95.7,2.6,91.3592233009709,66.05,28.81,66.05,4.85,0.29,6.34603372891943,73.0793254216115,15.6402248594628,5
58,12,"21",15.52,27.59,3893,95.2,0.7,97.4176888315042,39.98,39.98,33.27,4.64,0.99,3.69894682763935,83.7143591060879,12.7921911122528,20.6896551724138
161,2,"23",59.98,4.15,37837,83.5,10.5,93.6990058279054,71.54,0,7.31,71.54,21.15,22.1952057509845,38.0051272563893,54.8325712926501,1.24223602484472
200,34,"23",54.65,2.92,55007,84,14.2,93.5628601114574,53.3,4.1,16.1,53.3,22.3,21.1918483102151,38.6805315687094,33.2812187539768,17
322,24,"22",43.15,8.54,18473,88.1,6.4,96.2523719165085,48.37,0,48.37,44.21,7.42,15.2222162074379,51.8324040491528,20.3215503708115,7.45341614906832
31,3,"22",22.74,20.09,4202,86.1,5.2,95.4233409610984,34.6,17.99,34.6,16.62,1.76,0.523560209424084,70.7996192289386,38.8624464540695,9.67741935483871
69,14,"22",49.21,2.54,11385,93.5,5.4,96.2809171330565,43.15,4.57,43.15,34.89,17.2,2.61747913921827,76.1967501097936,18.375054896794,20.2898550724638
3,2,"22",27.85,19.32,2666,90.4,15.3,92.3076923076923,44.97,29.81,44.97,12.51,6.45,3.82595648912228,71.2678169542386,17.3293323330833,66.6666666666667
35,2,"23",56.19,2.47,16398,81.3,6.8,95.6890459363958,72.79,0.1,15.42,72.79,11.69,1.86608122941822,46.2678375411636,74.6554457860715,5.71428571428571
33,3,"24",74.96,1.11,20516,77.3,9.2,94.0967189353011,58.78,0.29,4.05,36.68,58.78,5.16669916162995,44.7699356599727,77.6077208032755,9.09090909090909
26,3,"23",63.95,1.04,4330,97.2,6,96.1457233368532,50.68,1.54,8.3,50.68,39.48,4.82678983833718,76.0046189376443,17.9676674364896,11.5384615384615
7,2,"24",72.09,1.36,5273,85.4,7.6,96.3325183374083,54.17,0.68,9.42,35.73,54.17,1.36544661483027,63.7967001706808,41.8736961881282,28.5714285714286
3,2,"23",62.73,3.09,27186,86.2,4.3,96.2558962264151,77.05,2.73,2.93,77.05,16.99,1.19914661958361,56.8270433311263,67.332450526006,66.6666666666667
12,3,"23",54.21,1.41,21503,88.8,5.5,96.5480043149946,75.51,2.31,14.08,75.51,6.46,0.837092498721109,77.7333395340185,23.8199321024973,25
